RECORD_TYPE,STATEMENT_ID,PAY_PERIOD,WORK_CODE,WORK_TITLE,ISWC,WRITER_IPI,ISRC,SOURCE,INCOME_TYPE,TERRITORY,EXPL_START,EXPL_END,CURRENCY,GROSS,FEE,NET,ADJ_PERIOD
D,PA-2026Q1-0001,2026-Q1,PLM-CO-000101,LUNA DE MEDELLIN,,,,SAYCO,PERF,CO,2025-10-01,2025-12-31,USD,388.89,38.89,350.00,
D,PA-2026Q1-0001,2026-Q1,PLM-CO-000102,CUMBIA DEL RIO GRANDE,,,,SAYCO,PERF,CO,2025-10-01,2025-12-31,USD,105.83,10.58,95.25,
D,PA-2026Q1-0001,2026-Q1,PLM-US-000201,MIDNIGHT IN WYNWOOD,,,,ASCAP,PERF,US,2025-10-01,2025-12-31,USD,228.22,22.82,205.40,
D,PA-2026Q1-0001,2026-Q1,PLM-CO-000101,LUNA DE MEDELLIN,,,,SPOTIFY,MECH,US,2025-10-01,2025-12-31,USD,45.89,4.59,41.30,
D,PA-2026Q1-0001,2026-Q1,PLM-CO-000101,LUNA DE MEDELLIN,,,,SPOTIFY,MECH,MX,2025-10-01,2025-12-31,USD,52.90,5.29,47.61,
D,PA-2026Q1-0001,2026-Q1,PLM-CO-000101,LUNA DE MEDELLIN,,,,SPOTIFY,MECH,CO,2025-10-01,2025-12-31,USD,76.71,7.67,69.04,
D,PA-2026Q1-0001,2026-Q1,PLM-CO-000101,LUNA DE MEDELLIN,,,,SPOTIFY,MECH,AR,2025-10-01,2025-12-31,USD,21.04,2.10,18.94,
D,PA-2026Q1-0001,2026-Q1,PLM-CO-000101,LUNA DE MEDELLIN,,,,SPOTIFY,MECH,CL,2025-10-01,2025-12-31,USD,22.28,2.23,20.05,
D,PA-2026Q1-0001,2026-Q1,PLM-CO-000101,LUNA DE MEDELLIN,,,,SPOTIFY,MECH,PE,2025-10-01,2025-12-31,USD,24.62,2.46,22.16,
D,PA-2026Q1-0001,2026-Q1,PLM-CO-000101,LUNA DE MEDELLIN,,,,SPOTIFY,MECH,ES,2025-10-01,2025-12-31,USD,12.78,1.28,11.50,
D,PA-2026Q1-0001,2026-Q1,PLM-CO-000101,LUNA DE MEDELLIN,,,,APPLE MUSIC,MECH,US,2025-10-01,2025-12-31,USD,22.48,2.25,20.23,
D,PA-2026Q1-0001,2026-Q1,PLM-CO-000101,LUNA DE MEDELLIN,,,,APPLE MUSIC,MECH,MX,2025-10-01,2025-12-31,USD,25.50,2.55,22.95,
D,PA-2026Q1-0001,2026-Q1,PLM-CO-000101,LUNA DE MEDELLIN,,,,APPLE MUSIC,MECH,CO,2025-10-01,2025-12-31,USD,29.69,2.97,26.72,
D,PA-2026Q1-0001,2026-Q1,PLM-CO-000101,LUNA DE MEDELLIN,,,,AMAZON MUSIC,MECH,US,2025-10-01,2025-12-31,USD,8.32,0.83,7.49,
D,PA-2026Q1-0001,2026-Q1,PLM-CO-000101,LUNA DE MEDELLIN,,,,YOUTUBE,UGC,MX,2025-10-01,2025-12-31,USD,23.24,2.32,20.92,
D,PA-2026Q1-0001,2026-Q1,PLM-CO-000101,LUNA DE MEDELLIN,,,,YOUTUBE,UGC,CO,2025-10-01,2025-12-31,USD,14.31,1.43,12.88,
D,PA-2026Q1-0001,2026-Q1,PLM-CO-000101,LUNA DE MEDELLIN,,,,YOUTUBE,UGC,US,2025-10-01,2025-12-31,USD,44.50,4.45,40.05,
D,PA-2026Q1-0001,2026-Q1,PLM-CO-000101,LUNA DE MEDELLIN,,,,YOUTUBE,UGC,AR,2025-10-01,2025-12-31,USD,17.83,1.78,16.05,
D,PA-2026Q1-0001,2026-Q1,PLM-CO-000101,LUNA DE MEDELLIN,,,,YOUTUBE,UGC,PE,2025-10-01,2025-12-31,USD,5.51,0.55,4.96,
D,PA-2026Q1-0001,2026-Q1,PLM-CO-000101,LUNA DE MEDELLIN,,,,DEEZER,MECH,BR,2025-10-01,2025-12-31,USD,4.67,0.47,4.20,
D,PA-2026Q1-0001,2026-Q1,PLM-CO-000101,LUNA DE MEDELLIN,,,,DEEZER,MECH,CO,2025-10-01,2025-12-31,USD,10.26,1.03,9.23,
D,PA-2026Q1-0001,2026-Q1,PLM-CO-000101,LUNA DE MEDELLIN,,,,TIKTOK,MECH,MX,2025-10-01,2025-12-31,USD,13.82,1.38,12.44,
D,PA-2026Q1-0001,2026-Q1,PLM-CO-000101,LUNA DE MEDELLIN,,,,TIKTOK,MECH,CO,2025-10-01,2025-12-31,USD,13.29,1.33,11.96,
D,PA-2026Q1-0001,2026-Q1,PLM-CO-000101,LUNA DE MEDELLIN,,,,TIKTOK,MECH,US,2025-10-01,2025-12-31,USD,6.87,0.69,6.18,
D,PA-2026Q1-0001,2026-Q1,PLM-CO-000101,LUNA DE MEDELLIN,,,,TIKTOK,MECH,GT,2025-10-01,2025-12-31,USD,2.20,0.22,1.98,
D,PA-2026Q1-0001,2026-Q1,PLM-CO-000102,CUMBIA DEL RIO GRANDE,,,,SPOTIFY,MECH,CO,2025-10-01,2025-12-31,USD,50.86,5.09,45.77,
D,PA-2026Q1-0001,2026-Q1,PLM-CO-000102,CUMBIA DEL RIO GRANDE,,,,SPOTIFY,MECH,MX,2025-10-01,2025-12-31,USD,20.22,2.02,18.20,
D,PA-2026Q1-0001,2026-Q1,PLM-CO-000102,CUMBIA DEL RIO GRANDE,,,,SPOTIFY,MECH,EC,2025-10-01,2025-12-31,USD,12.94,1.29,11.65,
D,PA-2026Q1-0001,2026-Q1,PLM-CO-000102,CUMBIA DEL RIO GRANDE,,,,SPOTIFY,MECH,PE,2025-10-01,2025-12-31,USD,14.47,1.45,13.02,
D,PA-2026Q1-0001,2026-Q1,PLM-CO-000102,CUMBIA DEL RIO GRANDE,,,,YOUTUBE,UGC,CO,2025-10-01,2025-12-31,USD,11.77,1.18,10.59,
D,PA-2026Q1-0001,2026-Q1,PLM-CO-000102,CUMBIA DEL RIO GRANDE,,,,YOUTUBE,UGC,EC,2025-10-01,2025-12-31,USD,13.49,1.35,12.14,
D,PA-2026Q1-0001,2026-Q1,PLM-CO-000102,CUMBIA DEL RIO GRANDE,,,,YOUTUBE,UGC,MX,2025-10-01,2025-12-31,USD,29.00,2.90,26.10,
D,PA-2026Q1-0001,2026-Q1,PLM-CO-000102,CUMBIA DEL RIO GRANDE,,,,APPLE MUSIC,MECH,CO,2025-10-01,2025-12-31,USD,30.96,3.10,27.86,
D,PA-2026Q1-0001,2026-Q1,PLM-US-000201,MIDNIGHT IN WYNWOOD,,,,SPOTIFY,MECH,US,2025-10-01,2025-12-31,USD,50.24,5.02,45.22,
D,PA-2026Q1-0001,2026-Q1,PLM-US-000201,MIDNIGHT IN WYNWOOD,,,,SPOTIFY,MECH,PR,2025-10-01,2025-12-31,USD,26.18,2.62,23.56,
D,PA-2026Q1-0001,2026-Q1,PLM-US-000201,MIDNIGHT IN WYNWOOD,,,,SPOTIFY,MECH,MX,2025-10-01,2025-12-31,USD,48.99,4.90,44.09,
D,PA-2026Q1-0001,2026-Q1,PLM-US-000201,MIDNIGHT IN WYNWOOD,,,,SPOTIFY,MECH,ES,2025-10-01,2025-12-31,USD,26.82,2.68,24.14,
D,PA-2026Q1-0001,2026-Q1,PLM-US-000201,MIDNIGHT IN WYNWOOD,,,,APPLE MUSIC,MECH,US,2025-10-01,2025-12-31,USD,21.07,2.11,18.96,
D,PA-2026Q1-0001,2026-Q1,PLM-US-000201,MIDNIGHT IN WYNWOOD,,,,APPLE MUSIC,MECH,PR,2025-10-01,2025-12-31,USD,7.41,0.74,6.67,
D,PA-2026Q1-0001,2026-Q1,PLM-US-000201,MIDNIGHT IN WYNWOOD,,,,AMAZON MUSIC,MECH,US,2025-10-01,2025-12-31,USD,20.97,2.10,18.87,
D,PA-2026Q1-0001,2026-Q1,PLM-US-000201,MIDNIGHT IN WYNWOOD,,,,YOUTUBE,UGC,US,2025-10-01,2025-12-31,USD,52.32,5.23,47.09,
D,PA-2026Q1-0001,2026-Q1,PLM-US-000201,MIDNIGHT IN WYNWOOD,,,,YOUTUBE,UGC,MX,2025-10-01,2025-12-31,USD,45.79,4.58,41.21,
D,PA-2026Q1-0001,2026-Q1,PLM-US-000201,MIDNIGHT IN WYNWOOD,,,,TIKTOK,MECH,US,2025-10-01,2025-12-31,USD,14.58,1.46,13.12,
D,PA-2026Q1-0001,2026-Q1,PLM-US-000201,MIDNIGHT IN WYNWOOD,,,,TIKTOK,MECH,MX,2025-10-01,2025-12-31,USD,9.08,0.91,8.17,
T,PA-2026Q1-0001,2026-Q1,,,,,,,,,,,USD,,,1555.92,
